year,site,nest,exp,type,manip,laying_date,hatching_date,male,female,parent1,parent2,parent3,chick1,chick2,chick3,species,comments
1996,A,-7,U,,U,,,,,,,,85554,,,,
1996,A,-6,U,,U,,,,83580,,,,83952,83953,83954,,
1996,A,-5,ParCare,602,MC,,602,83873,83874,,,,83875,83876,83877,,
1996,A,-4,U,,U,,,,,,,,83687,,,,
1996,A,-3,U,,U,,,,,,,,83673,83674,,,
1996,A,-2,U,,U,,,,,,,,83670,83671,83672,,
1996,A,-1,U,,U,,,,83342,,,,83343,83344,83345,,
1996,A,1,ParCare,504,BC,,504,83614,83616,,,,83611,83612,83615,,
1996,A,6,ParCare,510,FC,,510,83665,83666,,,,83667,83668,83669,,
1996,A,12,ParCare,519,BC,,519,83765,83761,,,,83762,83763,83764,,
1996,A,14,ParCare,516,MC,,516,83751,83752,,,,83753,83754,83755,,
1996,A,19,U,,U,,,83617,83613,,,,83618,83619,83620,,
1996,A,27,ParCare,523,FC,,523,83778,83779,,,,83777,83780,83781,,
1996,A,41,ParCare,525,MC,,525,83796,83795,,,,83793,83797,83798,,
1996,A,48,,,,,,83665,83342,,,,,,,,
1996,A,50,ParCare,623,MC,,623,85511,85515,,,,85512,85513,85514,,
1996,A,54,ParCare,604,BC,,604,83884,83881,,,,83883,83885,83886,,
1996,A,55,ParCare,613,MC,,613,83920,83921,,,,83922,83923,83924,,
1996,A,57,ParCare,611,BC,,611,83901,83900,,,,83902,83903,83904,,
1996,A,59,ParCare,608,FC,,608,83896,83894,,,,83892,83893,83895,,
1996,A,62,U,,U,,,,,,,,83937,,,,
1996,A,63,U,,U,,,,,,,,85517,,,,
1996,A,66,U,,U,,,83765,83761,,,,85537,,,,
1996,A,580,U,,U,,,,,,,,83938,83939,,,
1996,B,-20,U,,U,,,83979,,,,,83968,83969,83970,,
1996,B,-19,U,,U,,,,85538,,,,,,,,
1996,B,-18,U,,U,,,,,,,,85570,,,,
1996,B,-17,U,,U,,,,,,,,85569,,,,
1996,B,-16,U,,U,,,,,,,,85568,,,,
1996,B,-15,U,,U,,,,,,,,85567,,,,
1996,B,-14,U,,U,,,,,,,,85566,,,,
1996,B,-13,U,,U,,,,,,,,85564,85565,,,
1996,B,-12,U,,U,,,,,,,,85557,,,,
1996,B,-11,U,,U,,,,,,,,85556,,,,
1996,B,-10,U,,U,,,,,,,,85555,,,,
1996,B,-9,U,,U,,,83696,,,,,85543,85544,,,
1996,B,-8,U,,U,,,,,,,,85535,,,,
1996,B,-7,U,,U,,,,,,,,83572,,,,
1996,B,-6,ParCare,606,FC,,531,83887,83888,,,,83889,83890,83891,,
1996,B,-5,U,,U,,,,,,,,83878,83879,83880,,
1996,B,-4,U,,U,,,,,,,,83871,83872,,,
1996,B,-3,ParCare,520,BC,,519,83770,83771,,,,83766,83767,83769,,
1996,B,-2,ParCare,515,MC,,510,83696,83697,,,,83698,83699,83700,,
1996,B,-1,U,,U,,,,,,,,83675,83676,,,
1996,B,1,MateRem,416,MR,411,,83551,83552,,,,,,,,
1996,B,12,U,,U,,,,83328,,,,,,,,
1996,B,31,MateRem,419,FR,410,,83331,83329,,,,,,,,
1996,B,39,MateRem,421,MR,417,,83561,83560,,,,,,,,
1996,B,50,MateRem,424,FR,415,,83335,83334,,,,,,,,
1996,B,52,MateRem,426,MR,416,,83562,83336,,,,,,,,
1996,B,60,ParCare,504,FC,428,504,83606,83607,,,,83608,83609,83610,,
1996,B,70,,,,,524,,,,,,83807,83808,83809,,
1996,B,80,MateRem,505,MR,501,,83577,83576,,,,,,,,
1996,B,83,U,,U,504,,83591,83329,,,,,,,,
1996,B,88,MateRem,508,FR,430,,83579,83580,,,,,,,,
1996,B,96,MateRem,510,FR,504,,83586,83587,,,,,,,,
1996,B,97,U,,U,507,,83551,,,,,,,,,
1996,B,102,MateRem,512,FR,505,,83679,83590,,,,,,,,
1996,B,119,MateRem,514,FR,513,,83595,83594,,,,,,,,
1996,B,132,MateRem,520,FR,508,,83801,83802,,,,,,,,
1996,B,137,U,,U,519,,83331,83552,,,,,,,,
1996,B,138,U,,U,519,613,83551,83813,,,,,,,,
1996,B,141,U,,U,,,83882,,,,,,,,,
1996,B,144,U,,U,521,,83562,83816,,,,,,,,
1996,B,145,MateRem,522,MR,519,,83803,83804,,,,,,,,
1996,B,147,ParCare,614,BC,520,614,83926,83815,,,,83925,83927,83928,,
1996,B,160,MateRem,529,FR,525,,83817,83818,,,,,,,,
1996,B,170,MateRem,603,FR,526,,83823,83821,,,,,,,,
1996,B,176,U,,U,513,607,83820,83334,,,,83826,83827,,,
1996,B,177,U,,U,603,,83606,83846,,,,,,,,
1996,B,180,U,,U,602,,83577,,,,,,,,,
1996,B,183,U,,U,604,702,83803,83843,,,,,,,,
1996,B,187,MateRem,608,MR,531,,83832,83831,,,,,,,,
1996,B,196,U,,U,608,,83839,83818,,,,,,,,
1996,B,202,U,611,U,608,,83335,,,,,,,,,
1996,B,213,U,,U,,,,83644,,,,83637,83638,,,
1996,B,214,U,,U,,,,,,,,83603,83604,83605,,
1996,B,217,U,,U,,,,,,,,83639,83640,83641,,
1996,B,218,MateRem,502,MR,428,,83346,83347,,,,,,,,
1996,B,222,U,,U,,,,,,,,83654,83655,83656,,
1996,B,223,U,,U,,,83856,,,,,83799,83800,83851,,
1996,B,225,ParCare,522,MC,,522,83774,83775,,,,83772,83773,83776,,
1996,B,226,ParCare,508,FC,,508,83652,83653,,,,83649,83650,83651,,
1996,B,238,U,,U,,,,,,,,83788,83794,,,
1996,B,247,ParCare,524,BC,,524,83784,83785,,,,83782,83786,83787,,
1996,B,248,U,,U,,,83591,83329,,,,,,,,
1996,B,251,ParCare,618,FC,,618,83960,83957,,,,83956,83958,83959,,
1996,B,255,MateRem,611,MR,603,,83841,83840,,,,,,,,
1996,B,256,U,,U,,,83774,83898,,,,85521,85524,,,
1996,B,257,U,,U,,,83825,,,,,,,,,
1996,B,260,ParCare,611,MC,,611,83905,83906,,,,83907,83908,83909,,
1996,B,261,MateRem,613,FR,601,,,83845,,,,,,,,
1996,B,266,ParCare,628,FC,,628,85528,85527,,,,85529,85530,85531,,
1996,B,268,U,,U,,,83897,83616,,,,,,,,
1996,B,270,ParCare,615,FC,,615,83936,83933,,,,83929,83934,83935,,
1996,B,271,U,,U,,,,,,,,83955,,,,
1996,B,273,U,,U,608,,,83587,,,,,,,,
1996,B,274,U,,U,,,,,,,,83961,83962,,,
1996,B,275,U,,U,,,,85518,,,,85519,85520,,,
1996,B,276,U,,U,,,83971,83607,,,,,,,,
1996,B,277,ParCare,622,BC,,622,85502,83977,,,,83978,85501,85503,,
1996,B,279,U,,U,,,,85522,,,,85523,85525,,,
1996,B,280,U,,U,607,702,83562,,,,,85532,85533,85534,,
1996,B,281,U,,U,,,,85526,,,,,,,,
1996,B,282,U,,U,,,85540,85539,,,,85541,,,,
1996,B,305,MateRem,613,FR,608,,83985,83844,,,,,,,,
1996,B,306,ParCare,617,MC,,617,83950,83951,,,,83948,83949,83980,,
1996,B,309,ParCare,611,FC,,611,83911,83910,,,,83912,83913,83914,,
1996,B,312,U,,U,610,,,83590,,,,,,,,
1996,B,323,MateRem,616,MR,609,,83981,83990,,,,,,,,
1996,B,330,U,,U,616,,83984,83804,,,,,,,,
1996,C,-8,U,,U,,,,83567,,,,85571,,,,
1996,C,-7,U,,U,,,,,,,,85563,,,,
1996,C,-6,U,,U,,,,,,,,85560,,,,
1996,C,-5,U,,U,,,,,,,,85559,,,,
1996,C,-4,U,,U,,,,,,,,85558,,,,
1996,C,-3,U,,U,,,,,,,,83899,,,,
1996,C,-2,U,,U,,,83684,,,,,83678,83685,83686,,
1996,C,-1,U,,U,,,,,,,,83340,83341,,,
1996,C,4,MateRem,416,FR,408,,83554,83553,,,,,,,,
1996,C,23,MateRem,417,MR,415,,83555,83822,,,,,,,,
1996,C,25,MateRem,419,FR,413,,83559,83558,,,,,,,,
1996,C,42,MateRem,503,FR,424,,83569,83570,,,,,,,,
1996,C,43,MateRem,428,FR,423,,83339,83565,,,,,,,,
1996,C,44,MateRem,501,FR,424,,83566,83567,,,,,,,,
1996,C,45,MateRem,504,MR,424,,83574,83575,,,,,,,,
1996,C,54,MateRem,426,MR,423,,83563,83564,,,,,,,,
1996,C,65,MateRem,509,MR,430,,83581,83582,,,,,,,,
1996,C,66,MateRem,509,FR,430,,83584,83583,,,,,,,,
1996,C,68,MateRem,511,MR,430,,83589,83588,,,,,,,,
1996,C,78,U,,U,501,,83578,83553,,,,,,,,
1996,C,93,MateRem,513,MR,506,,83593,83592,,,,,,,,
1996,C,128,MateRem,524,MR,515,,83805,83806,,,,,,,,
1996,C,133,U,,U,512,,83563,83570,,,,,,,,
1996,C,134,MateRem,518,MR,517,,83598,83597,,,,,,,,
1996,C,146,MateRem,526,FR,520,,83811,83812,,,,,,,,
1996,C,162,U,,U,528,,83563,83570,,,,,,,,
1996,C,167,U,,U,531,627,83555,83623,,,,83992,83993,,,
1996,C,168,U,,U,531,625,83598,83829,,,,83989,,,,
1996,C,186,U,,U,605,,83593,,,,,,,,,
1996,C,188,U,,U,606,701,83805,83812,,,,83999,,,,
1996,C,190,MateRem,608,MR,607,,83833,83830,,,,,,,,
1996,C,191,MateRem,610,MR,605,,83835,83836,,,,,,,,
1996,C,194,U,,U,,,83561,,,,,,,,,
1996,C,197,U,,U,610,,83563,83570,,,,,,,,
1996,C,198,MateRem,612,FR,608,,83983,83842,,,,,,,,
1996,C,199,U,,U,607,629,83559,83847,,,,83994,83996,,,
1996,C,224,U,,U,512,608,83554,83567,,,,,,,,
1996,C,300,U,,U,608,629,83569,83849,,,,83997,,,,
1996,C,316,U,,U,531,625,83574,83982,,,,83987,83988,,,
1996,C,318,MateRem,615,MR,604,,83848,83998,,,,,,,,
1996,C,325,MateRem,616,FR,608,,83986,83850,,,,,,,,
1996,C,332,U,,U,620,,83995,83842,,,,,,,,
1996,C,333,,,,608,626,,83645,,,,,,,,
1996,D,-20,U,,U,,,,,,,,83931,83932,83942,,
1996,D,-18,U,,U,,,,,,,,85561,85562,,,
1996,D,-17,U,,U,,,,,,,,85553,,,,
1996,D,-16,U,,U,,,,,,,,85552,,,,
1996,D,-15,U,,U,,,,,,,,85551,,,,
1996,D,-14,U,,U,,,,,,,,85550,,,,
1996,D,-13,U,,U,,,,,,,,85549,,,,
1996,D,-12,U,,U,,,,,,,,85547,85548,,,
1996,D,-11,U,,U,,,,,,,,85545,85546,,,
1996,D,-10,U,,U,,,,,,,,84000,,,,
1996,D,-9,U,,U,,,,,,,,85542,,,,
1996,D,-8,U,,U,,,,,,,,83768,,,,
1996,D,-7,ParCare,518,FC,,515,83756,83757,,,,83758,83759,83760,,
1996,D,-6,ParCare,514,BC,,513,83692,83691,,,,83693,83694,83695,,
1996,D,-5,U,,U,,,,,,,,83662,83663,83664,,
1996,D,-4,U,,U,,,,,,,,83648,83690,,,
1996,D,-3,U,,U,,,,,,,,83647,83677,,,
1996,D,-2,ParCare,505,MC,,503,83621,83623,,,,83624,83625,83626,,
1996,D,-1,U,,U,,,,,,,,83332,83333,,,
1996,D,1,ParCare,507,BC,,506,83646,83645,,,,83631,83632,83633,,
1996,D,5,ParCare,509,MC,,509,83660,83661,,,,83657,83658,83659,,
1996,D,8,ParCare,506,BC,,506,83643,83642,,,,83634,83635,83636,,
1996,D,9,U,,U,,,,83689,,,,83688,,,,
1996,D,10,ParCare,506,FC,,506,83627,83628,,,,83622,83629,83630,,
1996,D,12,ParCare,504,MC,,502,83601,83602,,,,83348,83349,83350,,
1996,D,18,U,,U,,,,83789,,,,83790,83791,83792,,
1996,D,20,U,,U,,512,,83681,,,,83680,83682,83683,,
1996,D,21,U,,U,,,,,,,,83783,,,,
1996,D,27,ParCare,529,BC,,529,83866,83867,,,,83868,83869,83870,,
1996,D,28,U,,U,,,,,,,,83862,,,,
1996,D,33,U,,U,,,,83852,,,,83853,83854,83855,,
1996,D,44,ParCare,527,FC,,527,83857,83858,,,,83859,83860,83861,,
1996,D,45,U,,U,,,,,,,,83940,,,,
1996,D,46,U,,U,,,,,,,,83863,83864,83865,,
1996,D,48,ParCare,612,MC,,611,83918,83919,,,,83915,83916,83917,,
1996,D,53,U,,U,,,83643,83642,,,,,,,,
1996,D,56,ParCare,623,BC,,623,85516,85507,,,,85508,85509,85510,,
1996,D,57,U,,U,,,83646,83691,,,,85536,,,,
1996,D,58,ParCare,621,MC,,621,83972,83973,,,,83966,83967,83974,,
1996,D,63,U,,U,,,,,,,,83930,,,,
1996,D,64,U,,U,,,83963,83964,,,,83942,83943,83965,,
1996,D,66,ParCare,622,FC,,622,85504,85505,,,,83975,83976,85506,,
1996,D,68,U,,U,,,,83628,,,,,,,,
1996,D,500,ParCare,616,BC,,616,83944,83945,,,,83941,83946,83947,,
1996,F,1,U,,U,,,83337,83338,,,,,,,,
1996,,-1000,,,,,,85960,,,,,,,,,
1997,A,-17,U,,U,,602,,,,,,25224,,,,
1997,A,-16,U,,U,,616,25222,83336,,,,25223,,,,
1997,A,-15,U,,U,,602,,,,,,25218,,,,
1997,A,-14,U,,U,,605,,,,,,25209,,,,
1997,A,-13,U,,U,,607,,,,,,25096,,,,
1997,A,-12,U,,U,,607,,24937,,,,24934,24935,24936,,
1997,A,-11,FlightCos,607,Female,,604,24929,24928,,,,24930,24931,24932,,
1997,A,-10,U,,U,,602,,,,,,24913,,,,
1997,A,-9,U,,U,,528,,,,,,24903,24904,,,
1997,A,-8,U,,U,,525,24893,,,,,24890,24891,24892,,
1997,A,-7,FlightCos,528,Contro,430,524,83619,24884,,,,24885,24886,24887,,
1997,A,-6,FlightCos,521,Female,,518,24680,24681,,,,24682,24683,24684,,
1997,A,-5,U,,U,,520,24679,,,,,24675,24676,24677,,
1997,A,-4,U,,U,,517,,,,,,24666,,,,
1997,A,-3,U,,U,,502,,,,,,85599,,,,
1997,A,-2,U,,U,,426,,,,,,85594,85595,,,
1997,A,-1,U,,U,,417,,,,,,85574,85575,85576,,
1997,A,2,U,,U,,,85577,83666,,,,,,,,
1997,A,8,U,,U,,,85578,83900,,,,,,,,
1997,A,12,U,,U,423,,83884,83881,,,,,,,,
1997,A,14,U,,U,,,,,,,,24658,,,,
1997,A,17,U,,U,,,,83957,,,,,,,,
1997,A,18,U,,U,,,85580,85579,,,,,,,,
1997,A,20,U,,U,,,85581,85582,,,,,,,,
1997,A,35,U,,U,501,,,83874,,,,,,,,
1997,A,46,FlightCos,526,Female,501,526,24877,24878,,,,24870,24871,24872,,
1997,A,53,FlightCos,525,Female,,525,24859,24860,,,,24861,24862,24863,,
1997,A,64,U,,U,507,,83884,83881,,,,,,,,
1997,A,65,FlightCos,525,Male,501,524,24853,24692,,,,24854,24855,24856,,
1997,A,66,FlightCos,520,Contro,,520,24669,24670,,,,24668,24671,,,
1997,A,69,U,,U,,525,,,,,,24857,24858,,,
1997,A,80,FlightCos,522,Contro,,522,24688,24678,,,,24689,24690,24691,,
1997,A,83,U,,U,,522,,,,,,24686,24687,,,
1997,A,84,U,,U,511,,83665,83342,,,,,,,,
1997,A,85,U,,U,,,83614,83616,,,,,,,,
1997,A,91,FlightCos,601,Male,,601,24902,24898,,,,24899,24900,24901,,
1997,A,96,FlightCos,524,Female,,524,24697,24698,,,,24699,24700,24851,,
1997,A,101,U,,U,,,83778,,,,,,,,,
1997,A,105,U,,U,516,,83873,83874,,,,,,,,
1997,A,108,U,,U,611,,,24692,,,,,,,,
1997,A,109,U,,U,614,,25092,24878,,,,,,,,
1997,A,111,U,,U,610,,83920,24681,,,,,,,,
1997,B,-144,U,,U,,,,25067,,,,,,,,
1997,B,-100,U,,U,,616,,,,,,25191,25192,25193,,
1997,B,-31,U,,U,,609,,,,,,25225,,,,
1997,B,-30,U,,U,,602,,,,,,25013,25014,,,
1997,B,-29,U,,U,,616,,,,,,25219,25220,25221,,
1997,B,-28,U,,U,,607,85555,,,,,25216,25217,,,
1997,B,-27,U,,U,,601,,,,,,25212,25214,,,
1997,B,-26,U,,U,,606,,,,,,25210,25211,,,
1997,B,-25,U,,U,,611,,25204,,,,25205,25206,25208,,
1997,B,-24,U,,U,,611,83554,,,,,25100,,,,
1997,B,-22,U,,U,,619,25203,25202,,,,25097,25098,25201,,
1997,B,-21,U,,U,524,618,85583,85572,,,,25093,25094,25095,,
1997,B,-20,U,,U,,614,,,,,,25089,25090,25091,,
1997,B,-19,U,,U,,611,,25215,,,,25088,,,,
1997,B,-18,U,,U,,614,,,,,,25083,25084,25085,,
1997,B,-17,U,,U,,606,83984,25078,,,,25079,25080,,,
1997,B,-16,U,,U,,609,25075,83802,,,,25076,25077,,,
1997,B,-15,U,,U,,608,,,,,,25071,25072,25073,,
1997,B,-14,FlightCos,611,Contro,,607,25066,25074,,,,25068,25069,25070,,
1997,B,-13,U,,U,,603,,,,,,25063,25064,25065,,
1997,B,-12,U,,U,,610,,,,,,25061,25062,,,
1997,B,-11,FlightCos,609,Male,,605,25054,25055,,,,25056,25057,25058,,
1997,B,-10,U,,U,,607,24941,24942,,,,24943,24944,24945,,
1997,B,-9,U,,U,,604,,24933,,,,24919,24920,24921,,
1997,B,-8,U,,U,,530,24912,,,,,24911,,,,
1997,B,-7,FlightCos,602,Female,,530,24905,24906,,,,24907,24908,24909,,
1997,B,-6,U,,U,,522,,,,,,24876,,,,
1997,B,-5,FlightCos,526,Contro,430,525,24864,24865,,,,24866,24867,24868,,
1997,B,-4,U,,U,,512,24655,85539,,,,24656,24657,,,
1997,B,-3,FlightCos,517,Male,,516,24654,85600,,,,24651,24652,24653,,
1997,B,-2,U,,U,,504,85597,,,,,85596,,,,
1997,B,-1,FlightCos,428,Contro,403,428,85587,85588,,,,85584,85585,85586,,
1997,B,2,FlightCos,430,Female,405,430,85583,85572,,,,85589,85590,85591,,
1997,B,3,U,,U,,,83331,85573,,,,,,,,
1997,B,7,U,,U,,,,24673,,,,,,,,
1997,B,16,U,,U,,522,,24672,,,,24852,,,,
1997,B,22,FlightCos,523,Male,,523,24693,24674,,,,24694,24695,24696,,
1997,B,25,U,,U,,,,83843,,,,,,,,
1997,B,35,U,519,U,,519,83803,85593,,,,,,,,
1997,B,42,U,,U,,,,83831,,,,,,,,
1997,B,48,FlightCos,519,Male,,519,24661,24662,,,,24663,24664,24665,,
1997,B,49,U,,U,,,,83552,,,,,,,,
1997,B,52,U,,U,,,85592,,,,,,,,,
1997,B,56,U,,U,,523,83981,83990,,,,24873,24874,24875,,
1997,B,57,U,,U,,527,24881,24882,,,,24879,24880,24883,,
1997,B,59,U,,U,,,,85522,,,,,,,,
1997,B,61,U,,U,,,85598,83804,,,,,,,,
1997,B,70,FlightCos,606,Contro,,606,24914,24915,,,,24916,24917,24918,,
1997,B,71,U,,U,,,24667,83888,,,,,,,,
1997,B,74,FlightCos,531,Male,,530,24895,24897,,,,24888,24889,24896,,
1997,B,76,U,,U,,,,83816,,,,,,,,
1997,B,78,U,,U,,,83577,,,,,,,,,
1997,B,79,FlightCos,609,Contro,,609,24949,24950,,,,25051,25052,25053,,
1997,B,88,U,,U,,,24660,83329,,,,,,,,
1997,B,92,U,,U,,605,83606,83347,,,,25013,25014,25015,,
1997,B,93,U,,U,,610,,,,,,25059,25060,,,
1997,B,98,U,,U,,,,,,,,24938,,,,
1997,B,99,U,,U,,,83905,24869,,,,25081,25082,,,
1997,B,100,FlightCos,607,Male,,607,24922,24923,,,,24924,24925,24926,,
1997,B,104,U,,U,,,,,,,,24927,,,,
1997,B,107,U,,U,,,83696,24685,,,,,,,,
1997,B,108,FlightCos,608,Female,,608,24946,24948,,,,24939,24940,24947,,
1997,B,109,U,,U,530,,,85588,,,,,,,,
1997,B,118,U,,U,,,24910,83818,,,,,,,,
1997,B,121,U,,U,,,,,,,,25227,,,,
1997,B,122,U,,U,,,,83813,,,,,,,,
1997,B,123,U,,U,611,,25087,24865,,,,,,,,
1997,B,125,U,,U,616,,25213,24806,,,,,,,,
1997,B,126,U,,U,617,,,24884,,,,,,,,
1997,C,-5,,,,,,,,,,,24995,,,,
1997,C,-4,,,,,,,,,,,24986,,,,
1997,C,-3,,,,,,,,,,,24979,,,,
1997,C,-2,U,,U,,,24975,,,,,24974,24976,,,
1997,C,-1,,,,,519,,,,,,24795,,,,
1997,C,4,U,,U,,,,,,,,24703,24704,,,
1997,C,5,U,,U,,,24702,24701,,,,,,,,
1997,C,9,U,,U,427,,83824,24724,,,,,,,,
1997,C,10,U,,U,430,,24746,83819,,,,,,,,
1997,C,13,U,,U,,,,24733,,,,,,,,
1997,C,14,U,,U,427,,24721,83570,,,,,,,,
1997,C,15,ClutchRem,,C1,427,,24705,24707,,,,,,,,
1997,C,16,ClutchRem,,CR,427,,24708,24706,,,,,,,,
1997,C,17,ClutchRem,,C1,423,519,24712,24716,,,,24768,24769,24770,,
1997,C,18,U,,U,,,,24729,,,,,,,,
1997,C,24,U,,U,426,,,83829,,,,,,,,
1997,C,25,ClutchRem,,CR,429,,24718,24720,,,,,,,,
1997,C,26,U,,U,424,,24751,24731,,,,,,,,
1997,C,27,U,,U,,,,,,,,24709,24710,,,
1997,C,33,U,,U,502,,83684,24732,,,,,,,,
1997,C,34,U,,U,502,,83569,83849,,,,,,,,
1997,C,35,ClutchRem,,CR,424,,24711,24715,,,,,,,,
1997,C,38,U,,U,424,,24723,83686,,,,,,,,
1997,C,39,U,,U,504,,,24728,,,,,,,,
1997,C,42,U,,U,507,,,83642,,,,,,,,
1997,C,44,U,,U,,,24750,24749,,,,,,,,
1997,C,45,U,,U,429,,83568,24719,,,,,,,,
1997,C,46,U,,U,501,524,83995,83847,,,,24787,24788,24789,,
1997,C,48,ClutchSiz,,CE,430,,24722,,,,,,,,,
1997,C,51,ClutchRem,,C1,504,,24725,24727,,,,,,,,
1997,C,52,ClutchSiz,,CE,504,,,24734,,,,,,,,
1997,C,53,U,,U,507,,24737,24736,,,,,,,,
1997,C,54,U,,U,505,,24730,24726,,,,,,,,
1997,C,55,U,,U,,,,24735,,,,,,,,
1997,C,56,U,,U,,,,24740,,,,,,,,
1997,C,57,U,,U,,,24800,24741,,,,,,,,
1997,C,58,U,,U,510,,24738,24742,,,,,,,,
1997,C,60,U,,U,511,,24745,24743,,,,,,,,
1997,C,61,U,,U,505,527,24744,83806,,,,24957,24958,24959,,
1997,C,62,U,,U,,524,24833,24739,,,,24829,24830,24832,,
1997,C,63,U,,U,516,610,83593,83592,,,,24996,25000,25151,,
1997,C,64,U,,U,512,,83805,83822,,,,,,,,
1997,C,65,U,,U,,,24756,24752,,,,,,,,
1997,C,66,U,,U,507,,25181,24753,,,,,,,,
1997,C,67,U,,U,503,,24763,24754,,,,,,,,
1997,C,68,U,,U,,,,24755,,,,,,,,
1997,C,69,U,,U,511,,83578,83810,,,,,,,,
1997,C,71,U,,U,508,,24758,24757,,,,,,,,
1997,C,72,U,,U,520,,24723,83686,,,,,,,,
1997,C,73,U,,U,,,,24771,,,,,,,,
1997,C,75,U,,U,519,,83770,83644,,,,,,,,
1997,C,76,U,,U,516,609,24762,24761,,,,24987,24988,,,
1997,C,77,U,,U,513,,24764,24759,,,,,,,,
1997,C,78,U,,U,511,,,24715,,,,,,,,
1997,C,79,U,,U,,,24783,24780,,,,,,,,
1997,C,80,U,,U,521,,24779,24784,,,,,,,,
1997,C,81,U,,U,508,,24774,24760,,,,,,,,
1997,C,82,U,,U,519,,83574,83812,,,,,,,,
1997,C,83,U,,U,521,615,24782,24778,,,,,,,,
1997,C,84,U,,U,,,24775,24766,,,,,,,,
1997,C,85,U,,U,511,601,24776,24767,,,,24966,24977,,,
1997,C,86,U,,U,523,616,24785,24792,,,,25166,25167,25172,,
1997,C,88,U,,U,514,,24790,83600,,,,,,,,
1997,C,89,U,,U,525,,24953,24735,,,,,,,,
1997,C,90,U,,U,,,24781,,,,,,,,,
1997,C,91,U,,U,,,24777,,,,,,,,,
1997,C,92,U,,U,519,,24791,24786,,,,,,,,
1997,C,94,U,,U,525,,83684,,,,,,,,,
1997,C,95,U,,U,522,,83568,,,,,,,,,
1997,C,97,U,,U,,,24796,24798,,,,,,,,
1997,C,98,U,,U,520,614,24799,24797,,,,25161,25162,,,
1997,C,99,U,,U,528,,,83829,,,,,,,,
1997,C,100,U,,U,,,24951,24734,,,,,,,,
1997,C,101,U,,U,530,,24971,24733,,,,,,,,
1997,C,102,U,,U,,,24956,24952,,,,,,,,
1997,C,103,U,,U,524,,24954,24955,,,,,,,,
1997,C,104,U,,U,,,24963,24960,,,,,,,,
1997,C,105,U,,U,531,625,83833,24978,,,,25196,25197,,,
1997,C,106,U,,U,602,,83621,83645,,,,,,,,
1997,C,107,U,,U,518,612,83811,24964,,,,25156,25159,25160,,
1997,C,109,U,,U,524,617,24965,24961,,,,25165,25178,,,
1997,C,110,U,,U,530,623,24968,24967,,,,25187,25188,,,
1997,C,111,U,,U,530,,24969,24970,,,,,,,,
1997,C,112,U,,U,602,625,24708,24706,,,,,,,,
1997,C,113,U,,U,514,608,24972,24973,,,,24984,24985,,,
1997,C,117,U,,U,524,617,24980,24982,,,,25174,25175,,,
1997,C,118,U,,U,603,,24783,24780,,,,,,,,
1997,C,119,U,,U,605,629,24725,24727,,,,,,,,
1997,C,120,U,,U,602,624,24981,83842,,,,25189,25190,25195,,
1997,C,122,U,,U,607,,24992,24819,,,,,,,,
1997,C,124,U,,U,,,24790,83600,,,,,,,,
1997,C,125,U,,U,,,24983,24701,,,,,,,,
1997,C,126,U,,U,,,83855,,,,,,,,,
1997,C,127,U,,U,516,610,83601,24989,,,,25153,25154,25155,,
1997,C,128,U,,U,614,,21820,83919,,,,,,,,
1997,C,129,U,,U,,,24994,24990,,,,,,,,
1997,C,130,U,,U,,,24993,24991,,,,25182,25184,25185,,
1997,C,131,U,,U,516,610,24718,24720,,,,24997,24998,24999,,
1997,C,132,U,,U,614,,25171,25173,,,,,,,,
1997,C,136,U,,U,616,,24751,25176,,,,,,,,
1997,C,137,U,,U,,,24756,24752,,,,,,,,
1997,C,138,U,,U,613,,24781,25170,,,,,,,,
1997,C,139,U,,U,,,83992,,,,,,,,,
1997,C,140,U,,U,617,,25177,25180,,,,,,,,
1997,C,141,U,,U,618,,25183,83557,,,,,,,,
1997,C,143,U,,U,613,,24796,24798,,,,,,,,
1997,C,144,U,,U,612,,,83829,,,,,,,,
1997,C,145,U,,U,612,,25168,83623,,,,,,,,
1997,C,147,U,,U,612,,83835,25163,,,,,,,,
1997,C,148,U,,U,,,25164,,,,,,,,,
1997,C,149,U,,U,,,25181,,,,,,,,,
1997,C,150,U,,U,,,24763,24754,,,,,,,,
1997,C,151,U,,U,615,,25179,83583,,,,,,,,
1997,C,153,U,,U,620,,83569,,,,,,,,,
1997,C,154,U,,U,621,,25186,83553,,,,,,,,
1997,C,155,U,,U,614,,83684,,,,,,,,,
1997,C,159,U,,U,622,,,24707,,,,,,,,
1997,D,-5,,,,,,,,,,,25002,25001,,,
1997,D,-4,U,,U,,,,,,,,25106,25107,25108,,
1997,D,-3,U,,U,,,,,,,,25045,25046,,,
1997,D,-2,U,,U,,,,,,,,25031,,,,
1997,D,-1,U,,U,,609,,,,,,25017,25018,,,
1997,D,1,U,,U,421,,24802,24801,,,,,,,,
1997,D,4,U,,U,423,,83627,83628,,,,,,,,
1997,D,5,U,,U,426,520,83857,24806,,,,24772,24773,,,
1997,D,6,U,,U,426,,83333,83558,,,,,,,,
1997,D,7,U,,U,427,,83944,,,,,,,,,
1997,D,9,U,,U,428,,,83689,,,,,,,,
1997,D,11,U,,U,428,,24805,,,,,,,,,
1997,D,14,U,,U,427,,,83635,,,,,,,,
1997,D,15,U,,U,,,,83852,,,,,,,,
1997,D,16,U,,U,428,,24804,24803,,,,,,,,
1997,D,17,U,,U,430,,83972,83973,,,,,,,,
1997,D,21,U,,U,501,,24811,24814,,,,,,,,
1997,D,22,U,,U,428,,24809,83964,,,,,,,,
1997,D,26,U,,U,429,,24817,24810,,,,,,,,
1997,D,30,U,,U,426,,,83858,,,,,,,,
1997,D,31,U,,U,427,,,83661,,,,,,,,
1997,D,33,U,,U,505,,85504,83867,,,,,,,,
1997,D,34,U,,U,503,,24808,24807,,,,,,,,
1997,D,35,U,,U,428,,24812,24815,,,,,,,,
1997,D,37,U,,U,511,605,24825,24822,,,,25012,25016,25026,,
1997,D,40,U,,U,508,602,24826,24818,,,,25003,25004,25005,,
1997,D,41,U,,U,501,523,24816,24813,,,,24831,24840,24841,,
1997,D,44,U,,U,509,603,24849,24847,,,,25010,25028,,,
1997,D,45,U,,U,,,24820,83919,,,,,,,,
1997,D,47,U,,U,509,,24850,24846,,,,,,,,
1997,D,51,U,,U,513,,24823,83852,,,,,,,,
1997,D,52,U,,U,513,,,83973,,,,,,,,
1997,D,53,U,,U,504,527,24836,24834,,,,24843,24844,,,
1997,D,54,U,,U,513,607,,25030,,,,25029,,,,
1997,D,55,U,,U,504,525,24824,24819,,,,24837,24838,24839,,
1997,D,58,U,,U,514,,83333,83558,,,,,,,,
1997,D,59,FlightCos,606,Contro,512,606,83918,24821,,,,25024,25025,25027,,
1997,D,61,U,,U,515,,24828,24827,,,,,,,,
1997,D,63,U,,U,512,,,83661,,,,,,,,
1997,D,67,U,,U,520,610,85516,24835,,,,25040,25041,,,
1997,D,68,U,,U,518,,,83635,,,,,,,,
1997,D,70,FlightCos,606,Male,513,606,25021,25022,,,,25019,25020,25023,,
1997,D,72,U,,U,519,613,24848,25039,,,,25042,25043,25044,,
1997,D,73,U,,U,524,,,24807,,,,,,,,
1997,D,74,U,,U,528,,25038,25037,,,,,,,,
1997,D,75,U,,U,522,,,83867,,,,,,,,
1997,D,76,U,,U,526,620,83333,83558,,,,25110,25111,25112,,
1997,D,77,U,,U,515,609,24805,24842,,,,25034,25035,25036,,
1997,D,78,U,,U,526,,,83642,,,,,,,,
1997,D,79,U,,U,518,612,24845,83858,,,,25032,25033,25047,,
1997,D,80,U,,U,523,,25049,25048,,,,,,,,
1997,D,81,U,,U,527,619,83972,83973,,,,25105,25109,25113,,
1997,D,84,U,,U,527,617,24812,24815,,,,25102,25103,25104,,
1997,D,87,U,,U,527,622,24823,83852,,,,25115,25117,,,
1997,D,88,U,,U,530,,25116,25114,,,,,,,,
1997,D,91,U,,U,604,,24802,24801,,,,,,,,
1997,D,92,U,,U,531,624,25120,25121,,,,25198,,,,
1997,D,94,FlightCos,603,Female,,603,25008,25007,,,,25006,25009,25011,,
1997,D,95,U,,U,531,,,25194,,,,,,,,
1997,D,97,U,,U,608,,24824,24716,,,,,,,,
1997,D,98,U,,U,605,,83627,83628,,,,,,,,
1997,D,106,U,,U,607,,25253,25251,,,,,,,,
1997,D,108,,,,,,83646,,,,,,,,,
1997,D,109,U,,U,612,,,83642,,,,,,,,
1997,D,110,U,,U,613,,83944,25200,,,,,,,,
1997,D,112,U,,U,619,,25119,25118,,,,,,,,
1997,D,113,U,,U,614,,,83964,,,,,,,,
1997,D,115,U,,U,622,,25199,83789,,,,,,,,
1997,D,120,U,,U,624,,24983,24701,,,,,,,,
1997,D,121,U,,U,620,,,24807,,,,,,,,
1997,D,122,U,,U,618,,25252,,,,,,,,,
1997,D,123,U,,U,623,,,83642,,,,,,,,
1997,D,124,U,,U,627,,83627,,,,,,,,,
1997,D,126,U,,U,620,,83841,,,,,,,,,
1998,A,-101,U,,U,,,,,,,,25260,,,,
1998,A,-1,,,,,,85578,25231,,,,,,,,
1998,B,-1,,,,,,24661,,,,,25228,,,,
1998,B,2,IE,,PM,,,83578,25124,,,,,,,,
1998,B,3,IE,,PF,,,,25123,,,,,,,,
1998,B,4,IE,,PM,,,25126,85600,,,,,,,,
1998,B,5,IE,,PF,,,83577,25125,,,,,,,,
1998,B1,-8,BS,616,R2,,616,25057,4363,,,,4360,4361,4362,,
1998,B1,-7,BS,603,R1,,530,4286,4284,,,,4283,4285,4287,,
1998,B1,-6,BS,602,CC,,529,4278,4279,,,,4280,4281,4282,,
1998,B1,-5,,,,,,,4271,,,,4272,4273,4274,,
1998,B1,-4,,,,,,,,,,,4268,4269,4270,,
1998,B1,-3,BS,530,D,,526,,4251,,,,4252,25446,25447,,
1998,B1,-2,,,,,,,,,,,25440,25441,25442,,
1998,B1,-1,BS,526,D,,525,,25432,,,,25427,25428,25430,,
1998,B1,1,BS,604,E5,,604,4295,4296,,,,4294,4297,4298,,
1998,B1,2,BS,530,E5,,530,24949,25443,,,,25444,25445,25448,,
1998,B1,4,BS,612,E4,,612,4331,4330,,,,4337,4338,4339,,
1998,B1,5,BS,615,CC,,615,4356,4352,,,,4353,4354,4355,,
1998,B2,-101,U,,U,,,,,,,,27253,27254,27255,,
1998,B2,-6,BS,613,C3,,612,25330,25329,,,,4346,4347,4348,,
1998,B2,-5,BS,613,C3,,609,4344,4345,,,,25326,25327,25328,,
1998,B2,-4,BS,607,E4,,602,4308,4312,,,,4309,4310,4311,,
1998,B2,-3,BS,602,CC,,529,83562,85573,,,,4275,4276,4277,,
1998,B2,-2,BS,527,E5,,525,25431,83818,,,,25423,25424,25425,,
1998,B2,-1,,,,,,,,,,,25426,,,,
1998,B2,3,,,,,,,4302,,,,4299,4303,4304,,
1998,B2,7,,,,,,4327,,,,,,,,,
1998,B3,-12,,,,,,,,,,,4389,4390,4391,,
1998,B3,-11,,,,,,,,,,,4377,4378,4379,,
1998,B3,-10,,,,,,,,,,,4374,4375,4376,,
1998,B3,-3,BS,610,CC,,609,4326,4325,,,,4322,4323,4324,,
1998,B3,-2,,,,,,,25422,,,,25419,25420,25421,,
1998,B3,-1,BS,516,CC,,511,25390,25389,,,,25391,25392,25393,,
1998,B3,2,,,,,,,,,,,4288,,,,
1998,B3,6,BS,531,R2,,531,83579,4255,,,,4256,4262,4263,,
1998,B3,8,,,,,,4328,,,,,,,,,
1998,B3,13,BS,614,C3,,613,4340,24754,,,,4341,4342,4343,,
1998,B3,101,BS,527,R2,,527,25283,25281,,,,25282,25435,25439,,
1998,C,-1,,,,,,,,,,,25236,25230,25249,,
1998,C1,-101,U,,U,,,,,,,,25350,27251,27252,,
1998,C1,-10,,,,,,4383,,,,,4380,4381,4382,,
1998,C1,-2,U,,U,,,83828,,,,,25299,25300,25301,,
1998,C1,2,,,,,,,25401,,,,25398,25399,25400,,
1998,C1,3,BS,514,CC,,514,25388,25263,,,,25264,25386,25387,,
1998,C1,6,BS,605,E4,,605,24730,83829,,,,25308,25310,25311,,
1998,C1,9,BS,531,E4,,531,4260,4261,,,,4257,4258,4259,,
1998,C1,103,BS,521,R1,,521,25269,25270,,,,25405,25406,25407,,
1998,C1,105,BS,608,R1,,608,24783,25312,,,,25313,25314,25315,,
1998,C1,114,U,,U,,,25293,25294,,,,25295,25296,,,
1998,C1,116,BS,524,E5,,524,25168,25273,,,,25275,25278,25279,,
1998,C1,120,U,616,U,,616,25331,,,,,4357,25334,25337,,
1998,C2,-102,U,,U,,,,,,,,25337,,,,
1998,C2,-101,U,,U,,,83684,,,,,25265,25266,25267,,
1998,C2,-2,U,,U,,419,25239,,,,,25238,,,,
1998,C2,-1,U,,U,,425,25232,,,,,25233,,,,
1998,C2,1,BS,514,CC,,514,25027,25259,,,,25258,25261,25262,,
1998,C2,2,U,,U,,,25272,25271,,,,,,,,
1998,C2,6,U,,U,,,,,,,,25308,,,,
1998,C2,10,BS,604,R2,,604,24744,25302,,,,25303,25304,25307,,
1998,C2,106,BS,530,C3,,528,24775,25284,,,,25285,25286,25287,,
1998,C2,108,BS,525,R1,,524,25112,25277,,,,25276,25280,,,
1998,C2,109,BS,531,C3,,531,25288,24707,,,,25289,25291,25292,,
1998,C2,110,U,,U,,,,,,,,25297,25298,,,
1998,C2,114,,,,,,,83623,,,,,,,,
1998,C2,117,U,,U,,,,,,,,25305,25306,,,
1998,C2,120,BS,611,R2,,611,83835,24720,,,,4329,25324,25325,,
1998,C2,123,BS,610,R1,,610,24750,83600,,,,25318,25319,25320,,
1998,C2,126,,,,,,,24734,,,,4371,4372,,,
1998,C2,128,BS,617,E5,,617,25342,25338,,,,25339,25340,25341,,
1998,C2,129,U,,U,,,,,,,,25348,25349,,,
1998,C2,130,U,,U,,,,,,,,4384,4385,27256,,
1998,C2,132,BS,616,CC,,616,25332,25195,,,,25333,25335,25336,,
1998,C2,133,BS,610,E5,,610,25317,25316,,,,25321,25322,25323,,
1998,C2,136,IE,,M,,,25182,27230,,,,,,,,
1998,C2,137,IE,,F,,,27229,24724,,,,,,,,
1998,C2,138,IE,,C,,,24789,27228,,,,,,,,
1998,C2,139,IE,,MF,,,27226,27227,,,,,,,,
1998,C2,140,IE,,FF,,,25402,25403,,,,,,,,
1998,C2,141,,,,,,,83553,,,,,,,,
1998,C3,-10,,,,602,627,83855,25359,,,,4386,4387,4388,,
1998,C3,2,BS,508,E4,413,508,25358,25359,,,,25360,25361,25362,,
1998,C3,3,BS,506,R1,,505,25245,25246,,,,25243,25244,25247,,
1998,C3,5,BS,530,CC,,530,24998,25080,,,,25290,25449,25450,,
1998,C3,7,,,,,,4267,4265,,,,4266,,,,
1998,C3,9,BS,606,R2,,606,4307,4300,,,,4301,4305,4306,,
1998,C3,11,U,,U,,619,,24835,,,,4368,4369,4370,,
1998,C3,101,U,508,U,413,508,83833,25257,,,,25254,25255,25256,,
1998,C3,105,U,,U,,,,,,,,25343,25344,27257,,
1998,C3,106,,,,,,83855,25359,,,,,,,,
1998,C3,107,,,,,,83833,,,,,,,,,
1998,C3,511,U,,U,,620,,,,,,25345,25346,25347,,
1998,D1,-1,U,,U,,424,25237,24801,,,,25234,25235,25236,,
1998,D1,1,U,,U,,511,83866,,,,,25375,25376,25377,,
1998,D1,3,BS,509,E4,,507,85504,24813,,,,25355,25369,25370,,
1998,D1,6,BS,513,CC,,513,25381,25382,,,,25378,25379,25380,,
1998,D1,7,IE,,MF,430,,24805,24842,,,,,,,,
1998,D1,8,U,,U,,,25135,25136,,,,,,,,
1998,D1,9,BS,604,R1,,604,24816,4289,,,,4291,4292,4293,,
1998,D1,13,IE,,M,,,25132,25131,,,,,,,,
1998,D1,18,BS,608,E5,,608,4313,4314,,,,4315,4316,4317,,
1998,D1,20,BS,611,R2,,611,4332,4333,,,,4334,4335,4336,,
1998,D1,22,,,,,,,,,,,4253,4254,4264,,
1998,D1,23,BS,614,C3,520,614,25040,25131,,,,4349,4350,4351,,
1998,D1,24,U,,U,,,25363,,,,,,,,,
1998,D1,101,,,,,,,24842,,,,,,,,
1998,D1,102,IE,,MF,,,24812,24807,,,,,,,,
1998,D1,103,IE,,FF,,,27218,25371,,,,,,,,
1998,D1,106,IE,,C,,,27220,27217,,,,,,,,
1998,D1,107,IE,,M,,,27223,27221,,,,,,,,
1998,D1,109,U,,U,,,27219,27216,,,,,,,,
1998,D1,507,BS,508,E5,412,507,25363,25364,,,,25356,25357,25365,,
1998,D2,2,,,,414,509,,25371,,,,25372,25373,25374,,
1998,D2,5,U,,U,,,,,,,,27205,27206,,,
1998,D2,7,IE,,C,,,25127,25130,,,,,,,,
1998,D2,8,,,,,514,83944,,,,,25383,25384,25385,,
1998,D2,9,IE,,MF,,,25138,24815,,,,,,,,
1998,D2,10,BS,506,R2,,506,25353,25354,,,,25248,25351,25352,,
1998,D2,12,BS,521,E4,,521,25404,25198,,,,25408,25409,,,
1998,D2,14,IE,,F,,,25134,25133,,,,,,,,
1998,D2,15,IE,,FF,,,25139,25137,,,,,,,,
1998,D2,17,IE,,F,,,25147,24821,,,,,,,,
1998,D2,19,IE,,FF,,,25144,25141,,,,,,,,
1998,D2,20,IE,,C,,,25143,25142,,,,,,,,
1998,D2,21,IE,,M,,,25140,83964,,,,27210,27211,,,
1998,D2,22,IE,,MF,,,24823,83757,,,,,,,,
1998,D2,23,U,,U,,,25199,25200,,,,,,,,
1998,D2,24,IE,,M,,,83860,25148,,,,27213,27214,27215,,
1998,D2,25,IE,,F,,,24811,24814,,,,,,,,
1998,D2,26,IE,,FF,,,27204,25216,,,,,,,,
1998,D2,27,IE,,F,,,27202,25150,,,,,,,,
1998,D2,28,IE,,C,,,24802,25146,,,,,,,,
1998,D2,29,IE,,MF,,616,25149,25145,,,,4358,4359,4364,,
1998,D2,30,IE,,C,,,27203,27201,,,,27231,27232,27233,,
1998,D2,31,U,,U,,,27209,24801,,,,,,,,
1998,D2,32,IE,,MF,,,27212,27208,,,,,,,,
1998,D2,33,U,,U,,,25021,25022,,,,,,,,
1998,D2,36,IE,,FF,,,24817,27207,,,,,,,,
1998,D3,-99,,,,,,,,,,,4319,4320,4321,,
1998,D3,7,BS,523,R1,,523,25411,25410,,,,25412,25413,25414,,
1998,D3,8,BS,527,E4,,527,25434,25433,,,,25436,25437,25438,,
1998,D3,201,IE,,F,,,27225,83677,,,,,,,,
1998,D3,202,IE,,M,,,27222,27224,,,,,,,,
1999,A1,4,U,,U,,515,,,,,,,,,,
1999,A1,7,U,,U,,,,,,,,,,,,
1999,A1,9,U,,U,507,,,,,,,,,,,
1999,A1,10,U,,U,,,,,,,,,,,,
1999,A1,15,U,,U,517,,,,,,,,,,,
1999,A1,16,U,,U,,,,83342,,,,,,,,
1999,A1,17,U,,U,514,,,24854,,,,,,,,
1999,A1,19,U,,U,,,,,,,,,,,,
1999,A1,20,U,,U,514,,,,,,,,,,,
1999,A1,21,U,,U,,,,,,,,,,,,
1999,A1,23,U,,U,,519,,,,,,,,,,
1999,A2,2,U,,U,,,32202,,,,,,,,,
1999,A2,11,U,,U,508,,,,,,,,,,,
1999,A2,14,U,,U,512,,,,,,,,,,,
1999,A3,1,U,,U,,,,,,,,,,,,
1999,B1,-52,MP,418,ES,,,4452,24923,,,,32505,32506,32507,,
1999,B1,-51,U,,U,,,,,,,,32250,32501,32502,,
1999,B1,-9,MP,519,CS,,,4476,4457,,,,,,,,
1999,B1,-3,MP,418,ES,,,4452,85572,,,,,,,,
1999,B1,-2,,,,,,,,,,,32466,32467,32468,,
1999,B1,-1,,,,,,,,,,,32419,32420,32421,,
1999,B1,1,MFP,418,CCC,,,4451,83816,,,,,,,,
1999,B1,4,CQ,501,LS,,502,4420,4419,,,,4408,4409,,,
1999,B1,6,CQ,508,LS,,512,,83815,,,,32255,32256,32257,,
1999,B1,7,MFP,418,ESS,,,4452,4393,,,,,,,,
1999,B1,8,MP,425,CS,,,4458,4456,,,,,,,,
1999,B1,11,MP,423,ES,,,25065,4455,,,,,,,,
1999,B1,12,MP,423,EC,,,4454,4453,,,,,,,,
1999,B1,17,MP,425,CC,,,4459,4457,,,,,,,,
1999,B1,27,MP,429,EC,,,4500,4460,,,,,,,,
1999,B1,29,U,,U,,525,,,,,,4480,4481,4487,,
1999,B1,33,MP,512,EC,,,4471,4472,,,,,,,,
1999,B1,34,MP,513,CS,,,83936,4474,,,,,,,,
1999,B1,35,MP,504,CC,,,4464,4465,,,,,,,,
1999,B1,40,MP,513,ES,,,4475,4473,,,,,,,,
1999,B1,41,MP,519,CC,,,4477,4478,,,,,,,,
1999,B1,42,MP,519,CS,,,4476,85538,,,,,,,,
1999,B1,44,U,,U,,525,,,,,,4482,4483,,,
1999,B1,45,MP,515,EC,,,83346,27298,,,,,,,,
1999,B1,47,MP,520,EC,,,4479,27311,,,,,,,,
1999,B1,48,U,,U,,526,,24773,,,,4484,4485,,,
1999,B1,49,MP,529,ES,524,,32240,32237,,,,,,,,
1999,B1,50,U,,U,,526,,,,,,4486,,,,
1999,B1,53,CQ,601,LL,,,32398,32397,,,,,,,,
1999,B1,54,CQ,601,LL,,606,,,,,,32386,32395,32396,,
1999,B1,55,MP,529,CS,,,83551,4492,,,,,,,,
1999,B1,56,MP,529,ES,,,25308,4491,,,,,,,,
1999,B1,57,MP,528,CC,,,4490,4488,,,,,,,,
1999,B1,58,MP,528,EC,,,24995,4489,,,,,,,,
1999,B1,60,MP,513,ES,,,4475,4425,,,,,,,,
1999,B1,61,MP,531,EC,,,4493,4402,,,,,,,,
1999,B1,62,MP,425,CC,,,4459,83753,,,,,,,,
1999,B1,64,MP,602,CC,,,24864,27318,,,,,,,,
1999,B1,66,MP,602,CS,,,4495,83990,,,,,,,,
1999,B1,67,CQ,616,LS,,616,32438,32434,,,,32249,32503,32504,,
1999,B1,68,MP,511,ES,,,4467,4498,,,,,,,,
1999,B1,69,MP,512,EC,,,4471,4499,,,,32511,32514,,,
1999,B1,70,U,,U,,619,32288,32289,,,,32508,,,,
1999,B1,71,CQ,603,SL,,607,32406,32404,,,,32391,32392,32394,,
1999,B1,72,U,,U,,613,,,,,,32244,32245,,,
1999,B1,73,MP,607,EC,,,25293,24988,,,,,,,,
1999,B1,76,MP,607,ES,,,32241,25152,,,,,,,,
1999,B1,77,MP,429,EC,,,4500,32242,,,,,,,,
1999,B1,78,U,,U,,701,32513,32512,,,,32472,32515,32516,,
1999,B1,85,MP,515,EC,,,83346,83576,,,,,,,,
1999,B1,86,MP,529,CS,,,83551,83552,,,,,,,,
1999,B1,89,U,,U,,,,32510,,,,,,,,
1999,B1,101,CQ,501,SL,,507,4410,24903,,,,4421,4422,4423,,
1999,B1,102,,,,,,,,,,,4429,4430,4431,,
1999,B1,106,U,,U,,502,,,,,,4411,4412,4413,,
1999,B1,109,,,,,,,4402,,,,,,,,
1999,B1,123,CQ,501,SS,,503,4424,4425,,,,4415,4416,4417,,
1999,B1,128,CQ,511,SS,,514,32288,32289,,,,32263,32264,32265,,
1999,B1,134,CQ,515,LL,,520,32328,32324,,,,32320,32321,,,
1999,B1,140,CQ,519,SS,,525,,,,,,32336,32337,32342,,
1999,B1,141,U,,U,,,,,,,,27276,27277,,,
1999,B1,145,CQ,519,SS,,522,32340,32341,,,,,,,,
1999,B1,151,CQ,603,LS,,610,32393,32233,,,,32405,32407,32408,,
1999,B1,160,CQ,610,SL,,619,,,,,,32445,32446,32447,,
1999,B1,163,,,,,,,24906,,,,,,,,
1999,B1,165,CQ,616,SL,,616,32247,32248,,,,32435,32436,32437,,
1999,B1,167,,,,,707,,,,,,32483,32482,,,
1999,B1,206,U,,U,511,,,32223,,,,,,,,
1999,B1,208,MP,529,CC,518,,4276,32225,,,,,,,,
1999,B1,212,U,,U,,,,,,,,,,,,
1999,B1,213,U,,U,519,,,,,,,,,,,
1999,B1,214,U,,U,523,,,,,,,,,,,
1999,B1,216,U,,U,524,,,,,,,,,,,
1999,B1,218,U,,U,522,,,,,,,,,,,
1999,B1,219,U,,U,522,,,,,,,,,,,
1999,B1,221,U,,U,,,,,,,,,,,,
1999,B2,-4,,,,,,,,,,,32409,32410,32411,,
1999,B2,-3,,,,,,,,,,,32388,32389,32390,,
1999,B2,-2,,,,,,,,,,,32370,32371,32372,,
1999,B2,-1,U,,U,,420,,,,,,4405,4406,4407,,
1999,B2,2,CQ,513,LS,,515,32294,32290,,,,32274,32275,32282,,
1999,B2,6,MP,512,CC,,,25278,4470,,,,,,,,
1999,B2,7,MP,511,ES,,,4467,4468,,,,,,,,
1999,B2,9,MP,423,ES,,,25065,32243,,,,,,,,
1999,B2,10,MP,429,ES,,,4462,4461,,,,,,,,
1999,B2,12,MP,504,CS,,,4466,4463,,,,,,,,
1999,B2,13,MP,515,CC,,,25126,24869,,,,,,,,
1999,B2,14,MP,520,ES,,,85528,83552,,,,,,,,
1999,B2,16,MP,511,CS,,,4469,25204,,,,,,,,
1999,B2,19,CQ,529,LL,,601,32385,32224,,,,32366,,,,
1999,B2,20,MP,504,CS,-7,,4466,4496,,,,,,,,
1999,B2,22,MP,602,CS,,,27320,4494,,,,,,,,
1999,B2,23,U,,U,514,611,,,,,,,,,,
1999,B2,25,CQ,610,LS,,615,,32423,,,,32424,32433,,,
1999,B2,26,U,,U,,603,,25125,,,,32374,32375,,,
1999,B2,27,MP,520,ES,-6,,85528,83906,,,,,,,,
1999,B2,29,MP,511,CS,-5,,4469,32509,,,,,,,,
1999,B2,101,CQ,509,LS,,514,32266,,,,,32271,32272,32273,,
1999,B2,107,CQ,513,SL,,517,32283,32284,,,,32291,32292,32293,,
1999,B2,202,U,,U,,,,,,,,,,,,
1999,B2,209,U,,U,511,,32373,32226,,,,32376,32383,32384,,
1999,B2,210,U,,U,,,,,,,,,,,,
1999,B2,301,CQ,604,LS,,,24660,83329,,,,,,,,
1999,B2,302,U,,U,,,,,,,,27319,27321,,,
1999,B2,303,MP,603,ES,,,27327,27323,,,,,,,,
1999,B2,304,MP,605,EC,,,27328,27329,,,,,,,,
1999,B2,305,MFP,605,CSS,,,27330,4497,,,,,,,,
1999,B2,306,U,,U,,,27344,27343,,,,,,,,
1999,B2,308,U,,U,614,,,32359,,,,,,,,
1999,B2,309,MP,504,CC,,,4464,27350,,,,,,,,
1999,B2,310,U,,U,,,27351,,,,,,,,,
1999,B3,-11,U,,U,,408,,,,,,4396,,,,
1999,B3,-10,U,,U,,,,,,,,27333,,,,
1999,B3,-2,U,,U,,,,,,,,27347,,,,
1999,B3,-1,U,,U,,531,,,,,,32362,32363,32364,,
1999,B3,1,MFP,,CSS,,,27258,83843,,,,,,,,
1999,B3,2,MP,,EC,,,24941,27259,,,,,,,,
1999,B3,5,MFP,,ECS,,,27264,27265,,,,,,,,
1999,B3,8,MP,,EC,,,27263,83771,,,,,,,,
1999,B3,9,MFP,,CSS,,,27270,27268,,,,,,,,
1999,B3,10,MFP,,CCC,,,27266,24743,,,,,,,,
1999,B3,11,MP,,ES,,,27269,27267,,,,,,,,
1999,B3,14,MFP,,CCS,,,27280,27278,,,,,,,,
1999,B3,15,MP,,ES,,,27279,27281,,,,,,,,
1999,B3,17,MFP,,CSC,,,27286,27285,,,,,,,,
1999,B3,18,MFP,,ECC,,,85560,27284,,,,,,,,
1999,B3,21,CQ,525,LS,,531,32346,32347,,,,32357,32358,32361,,
1999,B3,24,U,,U,,,,,,,,,,,,
1999,B3,25,CQ,524,LL,,525,32332,32333,,,,,,,,
1999,B3,26,U,,U,,,,27324,,,,,,,,
1999,B3,28,U,,U,,,27263,,,,,,,,,
1999,B3,32,MP,,CC,,,27326,27322,,,,,,,,
1999,B3,33,CQ,610,SL,,615,32431,32425,,,,32422,32430,,,
1999,B3,34,U,,U,,,24946,,,,,,,,,
1999,B3,35,U,,U,,,24340,27284,,,,,,,,
1999,B3,37,U,,U,,,,27352,,,,,,,,
1999,B3,106,,,,,,,24685,,,,,,,,
1999,C1,-501,U,,U,,,,,,,,27287,27288,,,
1999,C1,-3,,,,,,,,,,,32351,32352,32353,,
1999,C1,-2,U,,U,,418,,,,,,4398,4399,,,
1999,C1,-1,U,,U,,409,,,,,,4394,4395,,,
1999,C1,3,MFP,,ESS,,,25330,27260,,,,,,,,
1999,C1,6,U,,U,,426,24725,4403,,,,4401,4404,,,
1999,C1,7,MFP,,CCS,,,27261,83842,,,,,,,,
1999,C1,8,MFP,,CSC,,,83770,27262,,,,,,,,
1999,C1,9,MFP,,CSC,,,27271,4384,,,,,,,,
1999,C1,10,CQ,516,LS,,,27308,27309,,,,29897,,,,
1999,C1,11,MP,,EC,,,4260,24736,,,,,,,,
1999,C1,13,U,,U,,,27290,27289,,,,27292,27293,27294,,
1999,C1,16,MP,,CC,,,27274,27273,,,,,,,,
1999,C1,17,MFP,,ESS,,,27275,27272,,,,,,,,
1999,C1,19,MFP,,CCC,,,27283,27282,,,,,,,,
1999,C1,21,U,,U,,519,,,,,,27305,27306,32323,,
1999,C1,27,MFP,,ESS,,,24730,27303,,,,,,,,
1999,C1,28,U,,U,,,,,,,,27312,27313,27317,,
1999,C1,31,MFP,,CCC,,,27304,27302,,,,,,,,
1999,C1,32,MFP,,ECC,,,24725,4403,,,,,,,,
1999,C1,33,MFP,,CSS,,,27310,27307,,,,,,,,
1999,C1,34,U,,U,,529,,,,,,27314,27316,27325,,
1999,C1,36,U,,U,,,27271,25039,,,,27337,27338,27339,,
1999,C1,40,U,,U,,,,83580,,,,,,,,
1999,C1,42,U,,U,,,,27336,,,,,,,,
1999,C1,44,U,,U,,,27331,,,,,,,,,
1999,C1,45,U,,U,,,4260,27334,,,,,,,,
1999,C1,47,CQ,610,SS,,615,,32444,,,,32427,32428,32429,,
1999,C1,48,U,,U,,,27304,27335,,,,32473,32474,32475,,
1999,C1,50,,,,,,,,,,,,,,,
1999,C1,51,MP,607,EC,,,25293,27307,,,,,,,,
1999,C1,103,U,,U,,511,27295,27291,,,,27296,27297,,,
1999,C1,117,U,,U,,,24738,27299,,,,27300,27301,,,
1999,C2,-202,U,,U,,528,,,,,,27491,27492,27493,,
1999,C2,-201,U,,U,,,,,,,,27488,27489,27490,,
1999,C2,-2,U,,U,607,702,,32276,,,,32477,32478,32479,,
1999,C2,-1,,,,,,,,,,,32439,32440,32441,,
1999,C2,2,CQ,509,SL,419,514,27219,32276,,,,32267,32268,32269,,
1999,C2,101,CQ,509,LL,,514,4443,24757,,,,32270,32277,,,
1999,C2,102,CQ,508,SL,,511,32254,25277,,,,32251,32252,32253,,
1999,C2,103,CQ,509,LL,,511,,,,,,4444,4445,4446,,
1999,C2,107,U,,U,,504,,25316,,,,4418,,,,
1999,C2,109,CQ,512,SL,,519,32278,,,,,32306,32308,32309,,
1999,C2,112,U,,U,,517,32299,32298,,,,32295,32296,32297,,
1999,C2,113,CQ,509,SL,,511,4379,4435,,,,4449,4450,,,
1999,C2,114,CQ,509,LS,414,509,4448,4447,,,,4432,4433,4434,,
1999,C2,122,CQ,520,LL,430,525,24751,24720,,,,32334,32335,32339,,
1999,C2,123,CQ,518,LL,504,519,32313,32314,,,,,,,,
1999,C2,125,CQ,525,SL,503,527,32360,32359,,,,32343,32344,32345,,
1999,C2,126,U,,U,,,,24732,,,,,,,,
1999,C2,127,CQ,520,LS,503,528,27223,27221,,,,27483,27484,32350,,
1999,C2,129,CQ,527,LL,,601,25358,24989,,,,32365,32367,32368,,
1999,C2,131,IE,,MF,509,,27482,25290,,,,27500,27501,27507,,
1999,C2,132,IE,,F,520,,27481,25312,,,,,,,,
1999,C2,133,IECQ,606,FFLS,523,613,25288,24707,,,,32412,32413,32414,,
1999,C2,135,CQ,604,LL,,608,32403,,,,,32399,32400,32401,,
1999,C2,136,CQ,606,SL,,,25342,27227,,,,,,,,
1999,C2,137,CQ,610,LS,,,24744,32442,,,,,,,,
1999,C2,138,CQ,610,SS,,620,24789,83645,,,,32451,32452,32453,,
1999,C2,139,,,,,,,,,,,32448,32449,32450,,
1999,C2,140,U,,U,,705,,,,,,32476,32480,32481,,
1999,C2,202,IE,,FF,523,,27487,27485,,,,,,,,
1999,C2,204,IE,,C,528,,25332,27486,,,,,,,,
1999,C2,205,IE,,M,520,,4256,27480,,,,,,,,
1999,C2,206,IE,,F,529,,27508,27504,,,,,,,,
1999,C2,207,IE,,M,523,,27514,27512,,,,32432,,,,
1999,C2,208,IE,,F,528,,24705,24741,,,,27525,27526,27527,,
1999,C2,209,IE,,MF,529,,24708,24706,,,,27530,27531,27532,,
1999,C2,210,IE,,MF,523,,83568,24719,,,,27522,27523,27524,,
1999,C2,211,IECQ,614,FFSS,524,619,27494,27496,,,,32443,,,,
1999,C2,212,IE,,MF,529,,27495,27497,,,,,,,,
1999,C2,213,U,,U,,,25021,83819,,,,,,,,
1999,C2,214,IE,,M,521,,83995,83583,,,,27515,27516,27517,,
1999,C2,216,IE,,MF,601,,27509,27503,,,,,,,,
1999,C2,217,IE,,C,606,,27506,27502,,,,,,,,
1999,C2,218,IE,,M,607,,27511,27513,,,,,,,,
1999,C2,219,IE,,FF,530,,32313,32314,,,,,,,,
1999,C2,220,U,,U,530,,27510,27505,,,,32460,32461,32462,,
1999,C2,221,IE,,MF,609,,83805,25246,,,,,,,,
1999,C2,223,IE,,F,611,,25239,24734,,,,,,,,
1999,C2,224,U,,U,,,27353,,,,,,,,,
1999,C2,225,IE,,M,613,,27518,25284,,,,,,,,
1999,C2,226,IE,,C,,624,27519,83919,,,,32463,32464,32465,,
1999,C2,227,IE,,C,608,,4448,25403,,,,32469,32470,32471,,
1999,C2,228,U,,U,,,27520,27521,,,,27528,27529,27349,,
1999,C3,4,CQ,511,SS,423,516,32261,32262,,,,32285,32286,32287,,
1999,C3,5,U,,U,,512,,,,,,,,,,
1999,C3,7,CQ,516,SL,,521,,,,,,27472,27473,32322,,
1999,C3,11,CQ,518,LL,427,519,,,,,,32310,32311,32312,,
1999,C3,12,CQ,501,SS,426,507,25156,4414,,,,4426,4427,4428,,
1999,C3,13,CQ,513,SS,,,32302,25080,,,,,,,,
1999,C3,14,CQ,512,LS,,515,32316,32315,,,,32279,32280,32281,,
1999,C3,15,CQ,515,LL,,523,,,,,,32325,32326,32327,,
1999,C3,16,CQ,513,SS,,518,,,,,,32300,32301,32303,,
1999,C3,17,,,,425,,,4265,,,,,,,,
1999,C3,18,CQ,527,SL,,,25265,27315,,,,32348,32349,,,
1999,C3,19,CQ,529,LL,,606,,,,,,32381,32382,,,
1999,C3,22,CQ,604,LL,514,608,83833,4265,,,,32380,32387,32402,,
1999,C3,23,CQ,614,SS,,614,,,,,,32416,32417,32426,,
1999,C3,26,U,,U,,,32418,32415,,,,27341,27342,27348,,
1999,C3,27,,,,,,,,,,,32454,32455,32459,,
1999,C3,134,,,,,,,,,,,32320,32321,,,
1999,D1,1,CQ,509,SL,415,510,27239,4259,,,,4440,4441,4442,,
1999,D1,2,U,,U,,,27223,27221,,,,,,,,
1999,D1,3,U,,U,,,83348,27235,,,,,,,,
1999,D1,4,CQ,505,SL,412,,24805,4436,,,,,,,,
1999,D1,5,IE,,F,419,,85516,27238,,,,,,,,
1999,D1,6,U,,U,,,27234,,,,,,,,,
1999,D1,8,IE,,M,420,516,24816,24842,,,,27460,27461,27462,,
1999,D1,9,IECQ,516,FFSS,425,519,25381,27241,,,,32304,32305,32307,,
1999,D1,11,U,,U,,,,25371,,,,,,,,
1999,D1,12,IE,,F,422,,27243,27240,,,,,,,,
1999,D1,13,U,,U,,,,,,,,27478,27479,,,
1999,D1,15,IE,,F,430,,27249,25380,,,,,,,,
1999,D1,18,IE,,M,427,,83646,24835,,,,,,,,
1999,D1,20,IE,,M,514,,27476,25343,,,,,,,,
1999,D1,22,U,,U,514,,4267,4314,,,,,,,,
1999,D1,23,,,,,,,24720,,,,,,,,
1999,D1,24,,,,,,,25410,,,,,,,,
1999,D2,-1,,,,,,,,,,,32456,32457,32458,,
1999,D2,2,U,,U,,,,27244,,,,,,,,
1999,D2,3,U,,U,409,,83860,24818,,,,,,,,
1999,D2,4,U,,U,,,83643,,,,,,,,,
1999,D2,5,CQ,505,LS,412,510,,25145,,,,4437,4438,4439,,
1999,D2,8,IE,,C,415,,27237,27236,,,,,,,,
1999,D2,9,U,,U,,,27202,24815,,,,,,,,
1999,D2,19,U,,U,,,24817,27207,,,,,,,,
1999,D2,21,IECQ,509,MLS,417,,27242,27211,,,,,,,,
1999,D2,25,IE,,MF,430,,25140,25024,,,,,,,,
1999,D2,26,IE,,M,427,,25353,25354,,,,,,,,
1999,D2,28,IE,,MF,425,,24850,24801,,,,,,,,
1999,D2,31,U,,U,,,27250,27248,,,,,,,,
1999,D2,33,U,,U,,,27458,27455,,,,,,,,
1999,D2,34,U,,U,,,27202,24815,,,,,,,,
1999,D2,36,IECQ,516,CSS,425,520,24823,27245,,,,32317,32318,32319,,
1999,D2,38,IE,,FF,426,,27246,27247,,,,,,,,
1999,D2,39,U,,U,,,24811,24814,,,,27471,27475,,,
1999,D2,40,U,,U,,,27459,27452,,,,,,,,
1999,D2,41,U,,U,,,27463,,,,,,,,,
1999,D2,43,IE,,FF,430,,27457,27454,,,,,,,,
1999,D2,44,U,,U,506,,25139,27453,,,,,,,,
1999,D2,45,IE,,C,507,,27456,27451,,,,,,,,
1999,D2,47,U,,U,,,25008,25022,,,,,,,,
1999,D2,48,IE,,MF,512,,27467,24997,,,,,,,,
1999,D2,49,U,,U,,,,,,,,27468,27469,27470,,
1999,D2,50,U,,U,,,,27464,,,,,,,,
1999,D2,51,U,,U,512,,83972,25122,,,,27498,27499,,,
1999,D2,52,IE,,C,504,,27466,27465,,,,,,,,
1999,D2,54,CQ,527,LL,,529,32369,83964,,,,32354,32355,32356,,
1999,D2,55,CQ,524,LL,,525,,,,,,32330,32331,32338,,
1999,D2,56,IE,,C,514,,27474,4349,,,,,,,,
1999,D2,58,IE,,FF,515,,27477,25198,,,,,,,,
1999,D2,60,,,,,,,27244,,,,,,,,
1999,D2,61,U,,U,,,27209,25133,,,,,,,,
1999,D3,1,U,,U,421,,,32201,,,,,,,,
1999,D3,6,CQ,604,SL,,605,,,,,,32377,32378,32379,,
1999,,-1000,U,,U,,,,83771,,,,27332,,,,